CU_Name,CU_acro,DU_ID,CU_ID,Pop_Name,Pop_ID,Year,EstClass,TotalInfilled,StartYear,UseYear
South Thompson-Bessette Creek_SU_1.2,STh-BESS,DU14,CK-16,CREIGHTON CREEK,812,1995,INFILL,1.525821596,1995,TRUE
South Thompson-Bessette Creek_SU_1.2,STh-BESS,DU14,CK-16,CREIGHTON CREEK,812,1996,INFILL,3.361810205,1995,TRUE
South Thompson-Bessette Creek_SU_1.2,STh-BESS,DU14,CK-16,CREIGHTON CREEK,812,1997,INFILL,0.600323251,1995,TRUE
South Thompson-Bessette Creek_SU_1.2,STh-BESS,DU14,CK-16,CREIGHTON CREEK,812,1998,INFILL,0.360193951,1995,TRUE
South Thompson-Bessette Creek_SU_1.2,STh-BESS,DU14,CK-16,CREIGHTON CREEK,812,1999,INFILL,3.048037083,1995,TRUE
South Thompson-Bessette Creek_SU_1.2,STh-BESS,DU14,CK-16,CREIGHTON CREEK,812,2000,RELATIVE ABUNDANCE (TYPE-4),0,1995,TRUE
South Thompson-Bessette Creek_SU_1.2,STh-BESS,DU14,CK-16,CREIGHTON CREEK,812,2001,RELATIVE ABUNDANCE (TYPE-3),5,1995,TRUE
South Thompson-Bessette Creek_SU_1.2,STh-BESS,DU14,CK-16,CREIGHTON CREEK,812,2002,RELATIVE ABUNDANCE (TYPE-3),3,1995,TRUE
South Thompson-Bessette Creek_SU_1.2,STh-BESS,DU14,CK-16,CREIGHTON CREEK,812,2003,RELATIVE ABUNDANCE (TYPE-3),2,1995,TRUE
South Thompson-Bessette Creek_SU_1.2,STh-BESS,DU14,CK-16,CREIGHTON CREEK,812,2004,RELATIVE ABUNDANCE (TYPE-3),8,1995,TRUE
South Thompson-Bessette Creek_SU_1.2,STh-BESS,DU14,CK-16,CREIGHTON CREEK,812,2005,RELATIVE ABUNDANCE (TYPE-4),3,1995,TRUE
South Thompson-Bessette Creek_SU_1.2,STh-BESS,DU14,CK-16,CREIGHTON CREEK,812,2006,RELATIVE ABUNDANCE (TYPE-3),0,1995,TRUE
South Thompson-Bessette Creek_SU_1.2,STh-BESS,DU14,CK-16,CREIGHTON CREEK,812,2007,RELATIVE ABUNDANCE (TYPE-3),0,1995,TRUE
South Thompson-Bessette Creek_SU_1.2,STh-BESS,DU14,CK-16,CREIGHTON CREEK,812,2008,RELATIVE ABUNDANCE (TYPE-4),0,1995,TRUE
South Thompson-Bessette Creek_SU_1.2,STh-BESS,DU14,CK-16,CREIGHTON CREEK,812,2009,RELATIVE ABUNDANCE (TYPE-3),0,1995,TRUE
South Thompson-Bessette Creek_SU_1.2,STh-BESS,DU14,CK-16,CREIGHTON CREEK,812,2010,RELATIVE ABUNDANCE (TYPE-3),0,1995,TRUE
South Thompson-Bessette Creek_SU_1.2,STh-BESS,DU14,CK-16,CREIGHTON CREEK,812,2011,RELATIVE ABUNDANCE (TYPE-3),0,1995,TRUE
South Thompson-Bessette Creek_SU_1.2,STh-BESS,DU14,CK-16,CREIGHTON CREEK,812,2012,RELATIVE ABUNDANCE (TYPE-3),0,1995,TRUE
South Thompson-Bessette Creek_SU_1.2,STh-BESS,DU14,CK-16,CREIGHTON CREEK,812,2013,RELATIVE ABUNDANCE (TYPE-3),0,1995,TRUE
South Thompson-Bessette Creek_SU_1.2,STh-BESS,DU14,CK-16,CREIGHTON CREEK,812,2014,RELATIVE ABUNDANCE (TYPE-3),0,1995,TRUE
South Thompson-Bessette Creek_SU_1.2,STh-BESS,DU14,CK-16,CREIGHTON CREEK,812,2015,RELATIVE ABUNDANCE (TYPE-4),2,1995,TRUE
South Thompson-Bessette Creek_SU_1.2,STh-BESS,DU14,CK-16,CREIGHTON CREEK,812,2016,RELATIVE ABUNDANCE (TYPE-3),0,1995,TRUE
South Thompson-Bessette Creek_SU_1.2,STh-BESS,DU14,CK-16,CREIGHTON CREEK,812,2017,RELATIVE ABUNDANCE (TYPE-3),0,1995,TRUE
South Thompson-Bessette Creek_SU_1.2,STh-BESS,DU14,CK-16,CREIGHTON CREEK,812,2018,RELATIVE ABUNDANCE (TYPE-4),0,1995,TRUE
South Thompson-Bessette Creek_SU_1.2,STh-BESS,DU14,CK-16,CREIGHTON CREEK,812,2019,RELATIVE ABUNDANCE (TYPE-4),0,1995,TRUE
South Thompson-Bessette Creek_SU_1.2,STh-BESS,DU14,CK-16,CREIGHTON CREEK,812,2021,RELATIVE ABUNDANCE (TYPE-4),0,1995,TRUE
South Thompson-Bessette Creek_SU_1.2,STh-BESS,DU14,CK-16,CREIGHTON CREEK,812,2022,RELATIVE ABUNDANCE (TYPE-4),0,1995,TRUE
South Thompson-Bessette Creek_SU_1.2,STh-BESS,DU14,CK-16,CREIGHTON CREEK,812,2023,RELATIVE ABUNDANCE (TYPE-4),0,1995,TRUE
Lower Thompson_SP_1.2,LTh,DU15,CK-17,NICOLA RIVER-UPPER,44742,1996,QualFiltered,NA,1986,TRUE
Lower Thompson_SP_1.2,LTh,DU15,CK-17,NICOLA RIVER-UPPER,44742,1999,QualFiltered,NA,1986,TRUE
Lower Thompson_SP_1.2,LTh,DU15,CK-17,NICOLA RIVER-UPPER,44742,2008,RELATIVE ABUNDANCE (TYPE-4),NA,1986,TRUE
Lower Thompson_SP_1.2,LTh,DU15,CK-17,NICOLA RIVER,46176,1975,RELATIVE ABUNDANCE (TYPE-4),5606,1986,FALSE
Lower Thompson_SP_1.2,LTh,DU15,CK-17,NICOLA RIVER,46176,1976,RELATIVE ABUNDANCE (TYPE-4),4445,1986,FALSE
Lower Thompson_SP_1.2,LTh,DU15,CK-17,NICOLA RIVER,46176,1977,RELATIVE ABUNDANCE (TYPE-4),3498,1986,FALSE
Lower Thompson_SP_1.2,LTh,DU15,CK-17,NICOLA RIVER,46176,1978,RELATIVE ABUNDANCE (TYPE-4),3974,1986,FALSE
Lower Thompson_SP_1.2,LTh,DU15,CK-17,NICOLA RIVER,46176,1979,RELATIVE ABUNDANCE (TYPE-4),3017,1986,FALSE
Lower Thompson_SP_1.2,LTh,DU15,CK-17,NICOLA RIVER,46176,1980,RELATIVE ABUNDANCE (TYPE-4),6180,1986,FALSE
Lower Thompson_SP_1.2,LTh,DU15,CK-17,NICOLA RIVER,46176,1981,RELATIVE ABUNDANCE (TYPE-4),3258,1986,FALSE
Lower Thompson_SP_1.2,LTh,DU15,CK-17,NICOLA RIVER,46176,1982,RELATIVE ABUNDANCE (TYPE-4),4737,1986,FALSE
Lower Thompson_SP_1.2,LTh,DU15,CK-17,NICOLA RIVER,46176,1983,RELATIVE ABUNDANCE (TYPE-4),2407,1986,FALSE
Lower Thompson_SP_1.2,LTh,DU15,CK-17,NICOLA RIVER,46176,1984,RELATIVE ABUNDANCE (TYPE-4),4679,1986,FALSE
Lower Thompson_SP_1.2,LTh,DU15,CK-17,NICOLA RIVER,46176,1985,RELATIVE ABUNDANCE (TYPE-4),7088,1986,FALSE
Lower Thompson_SP_1.2,LTh,DU15,CK-17,NICOLA RIVER,46176,1986,RELATIVE ABUNDANCE (TYPE-4),7876,1986,TRUE
Lower Thompson_SP_1.2,LTh,DU15,CK-17,NICOLA RIVER,46176,1987,RELATIVE ABUNDANCE (TYPE-4),4445,1986,TRUE
Lower Thompson_SP_1.2,LTh,DU15,CK-17,NICOLA RIVER,46176,1988,RELATIVE ABUNDANCE (TYPE-4),3246,1986,TRUE
Lower Thompson_SP_1.2,LTh,DU15,CK-17,NICOLA RIVER,46176,1989,RELATIVE ABUNDANCE (TYPE-4),4445,1986,TRUE
Lower Thompson_SP_1.2,LTh,DU15,CK-17,NICOLA RIVER,46176,1990,RELATIVE ABUNDANCE (TYPE-4),3017,1986,TRUE
Lower Thompson_SP_1.2,LTh,DU15,CK-17,NICOLA RIVER,46176,1991,RELATIVE ABUNDANCE (TYPE-4),3258,1986,TRUE
Lower Thompson_SP_1.2,LTh,DU15,CK-17,NICOLA RIVER,46176,1992,RELATIVE ABUNDANCE (TYPE-4),4148,1986,TRUE
Lower Thompson_SP_1.2,LTh,DU15,CK-17,NICOLA RIVER,46176,1993,RELATIVE ABUNDANCE (TYPE-4),4522,1986,TRUE
Lower Thompson_SP_1.2,LTh,DU15,CK-17,NICOLA RIVER,46176,1994,RELATIVE ABUNDANCE (TYPE-4),9193,1986,TRUE
Lower Thompson_SP_1.2,LTh,DU15,CK-17,NICOLA RIVER,46176,1995,TRUE ABUNDANCE (TYPE-2),4725,1986,TRUE
Lower Thompson_SP_1.2,LTh,DU15,CK-17,NICOLA RIVER,46176,1996,TRUE ABUNDANCE (TYPE-2),17072,1986,TRUE
Lower Thompson_SP_1.2,LTh,DU15,CK-17,NICOLA RIVER,46176,1997,TRUE ABUNDANCE (TYPE-2),9052,1986,TRUE
Lower Thompson_SP_1.2,LTh,DU15,CK-17,NICOLA RIVER,46176,1998,TRUE ABUNDANCE (TYPE-2),1220,1986,TRUE
Lower Thompson_SP_1.2,LTh,DU15,CK-17,NICOLA RIVER,46176,1999,TRUE ABUNDANCE (TYPE-2),3303,1986,TRUE
Lower Thompson_SP_1.2,LTh,DU15,CK-17,NICOLA RIVER,46176,2000,TRUE ABUNDANCE (TYPE-2),4882,1986,TRUE
Lower Thompson_SP_1.2,LTh,DU15,CK-17,NICOLA RIVER,46176,2001,TRUE ABUNDANCE (TYPE-2),5745,1986,TRUE
Lower Thompson_SP_1.2,LTh,DU15,CK-17,NICOLA RIVER,46176,2002,TRUE ABUNDANCE (TYPE-2),9313,1986,TRUE
Lower Thompson_SP_1.2,LTh,DU15,CK-17,NICOLA RIVER,46176,2003,TRUE ABUNDANCE (TYPE-2),10910,1986,TRUE
Lower Thompson_SP_1.2,LTh,DU15,CK-17,NICOLA RIVER,46176,2004,TRUE ABUNDANCE (TYPE-2),9379,1986,TRUE
Lower Thompson_SP_1.2,LTh,DU15,CK-17,NICOLA RIVER,46176,2005,TRUE ABUNDANCE (TYPE-2),2602,1986,TRUE
Lower Thompson_SP_1.2,LTh,DU15,CK-17,NICOLA RIVER,46176,2006,TRUE ABUNDANCE (TYPE-2),4333,1986,TRUE
Lower Thompson_SP_1.2,LTh,DU15,CK-17,NICOLA RIVER,46176,2007,TRUE ABUNDANCE (TYPE-2),824,1986,TRUE
Lower Thompson_SP_1.2,LTh,DU15,CK-17,NICOLA RIVER,46176,2008,TRUE ABUNDANCE (TYPE-2),3468,1986,TRUE
Lower Thompson_SP_1.2,LTh,DU15,CK-17,NICOLA RIVER,46176,2009,TRUE ABUNDANCE (TYPE-2),334,1986,TRUE
Lower Thompson_SP_1.2,LTh,DU15,CK-17,NICOLA RIVER,46176,2010,TRUE ABUNDANCE (TYPE-2),2677,1986,TRUE
Lower Thompson_SP_1.2,LTh,DU15,CK-17,NICOLA RIVER,46176,2011,TRUE ABUNDANCE (TYPE-2),2050,1986,TRUE
Lower Thompson_SP_1.2,LTh,DU15,CK-17,NICOLA RIVER,46176,2012,TRUE ABUNDANCE (TYPE-2),4486,1986,TRUE
Lower Thompson_SP_1.2,LTh,DU15,CK-17,NICOLA RIVER,46176,2013,TRUE ABUNDANCE (TYPE-2),1920,1986,TRUE
Lower Thompson_SP_1.2,LTh,DU15,CK-17,NICOLA RIVER,46176,2014,TRUE ABUNDANCE (TYPE-2),6186,1986,TRUE
Lower Thompson_SP_1.2,LTh,DU15,CK-17,NICOLA RIVER,46176,2015,TRUE ABUNDANCE (TYPE-2),3303,1986,TRUE
Lower Thompson_SP_1.2,LTh,DU15,CK-17,NICOLA RIVER,46176,2016,TRUE ABUNDANCE (TYPE-2),1231,1986,TRUE
Lower Thompson_SP_1.2,LTh,DU15,CK-17,NICOLA RIVER,46176,2017,TRUE ABUNDANCE (TYPE-2),694,1986,TRUE
Lower Thompson_SP_1.2,LTh,DU15,CK-17,NICOLA RIVER,46176,2018,TRUE ABUNDANCE (TYPE-2),311,1986,TRUE
Lower Thompson_SP_1.2,LTh,DU15,CK-17,NICOLA RIVER,46176,2019,TRUE ABUNDANCE (TYPE-2),1657,1986,TRUE
Lower Thompson_SP_1.2,LTh,DU15,CK-17,NICOLA RIVER,46176,2020,TRUE ABUNDANCE (TYPE-2),2491,1986,TRUE
Lower Thompson_SP_1.2,LTh,DU15,CK-17,SPIUS CREEK,46186,1975,QualFiltered,NA,1986,FALSE
Lower Thompson_SP_1.2,LTh,DU15,CK-17,SPIUS CREEK,46186,1976,QualFiltered,NA,1986,FALSE
Lower Thompson_SP_1.2,LTh,DU15,CK-17,SPIUS CREEK,46186,1977,QualFiltered,NA,1986,FALSE
Lower Thompson_SP_1.2,LTh,DU15,CK-17,SPIUS CREEK,46186,1978,QualFiltered,NA,1986,FALSE
Lower Thompson_SP_1.2,LTh,DU15,CK-17,SPIUS CREEK,46186,1979,QualFiltered,NA,1986,FALSE
Lower Thompson_SP_1.2,LTh,DU15,CK-17,SPIUS CREEK,46186,1980,QualFiltered,NA,1986,FALSE
Lower Thompson_SP_1.2,LTh,DU15,CK-17,SPIUS CREEK,46186,1981,QualFiltered,NA,1986,FALSE
Lower Thompson_SP_1.2,LTh,DU15,CK-17,SPIUS CREEK,46186,1982,QualFiltered,NA,1986,FALSE
Lower Thompson_SP_1.2,LTh,DU15,CK-17,SPIUS CREEK,46186,1983,QualFiltered,NA,1986,FALSE
Lower Thompson_SP_1.2,LTh,DU15,CK-17,SPIUS CREEK,46186,1984,QualFiltered,NA,1986,FALSE
Lower Thompson_SP_1.2,LTh,DU15,CK-17,SPIUS CREEK,46186,1985,QualFiltered,NA,1986,FALSE
Lower Thompson_SP_1.2,LTh,DU15,CK-17,SPIUS CREEK,46186,1986,INFILL,553.6400782,1986,TRUE
Lower Thompson_SP_1.2,LTh,DU15,CK-17,SPIUS CREEK,46186,1987,INFILL,217.4494334,1986,TRUE
Lower Thompson_SP_1.2,LTh,DU15,CK-17,SPIUS CREEK,46186,1988,INFILL,209.380957,1986,TRUE
Lower Thompson_SP_1.2,LTh,DU15,CK-17,SPIUS CREEK,46186,1989,INFILL,267.8174965,1986,TRUE
Lower Thompson_SP_1.2,LTh,DU15,CK-17,SPIUS CREEK,46186,1990,INFILL,163.8060482,1986,TRUE
Lower Thompson_SP_1.2,LTh,DU15,CK-17,SPIUS CREEK,46186,1991,INFILL,240.8560036,1986,TRUE
Lower Thompson_SP_1.2,LTh,DU15,CK-17,SPIUS CREEK,46186,1992,INFILL,282.8759896,1986,TRUE
Lower Thompson_SP_1.2,LTh,DU15,CK-17,SPIUS CREEK,46186,1993,INFILL,327.132781,1986,TRUE
Lower Thompson_SP_1.2,LTh,DU15,CK-17,SPIUS CREEK,46186,1994,INFILL,659.2983741,1986,TRUE
Lower Thompson_SP_1.2,LTh,DU15,CK-17,SPIUS CREEK,46186,1995,INFILL,698.4424675,1986,TRUE
Lower Thompson_SP_1.2,LTh,DU15,CK-17,SPIUS CREEK,46186,1996,INFILL,1009.677953,1986,TRUE
Lower Thompson_SP_1.2,LTh,DU15,CK-17,SPIUS CREEK,46186,1997,INFILL,851.104432,1986,TRUE
Lower Thompson_SP_1.2,LTh,DU15,CK-17,SPIUS CREEK,46186,1998,RELATIVE ABUNDANCE (TYPE-4),373,1986,TRUE
Lower Thompson_SP_1.2,LTh,DU15,CK-17,SPIUS CREEK,46186,1999,RELATIVE ABUNDANCE (TYPE-4),52,1986,TRUE
Lower Thompson_SP_1.2,LTh,DU15,CK-17,SPIUS CREEK,46186,2000,RELATIVE ABUNDANCE (TYPE-4),668,1986,TRUE
Lower Thompson_SP_1.2,LTh,DU15,CK-17,SPIUS CREEK,46186,2001,RELATIVE ABUNDANCE (TYPE-4),603,1986,TRUE
Lower Thompson_SP_1.2,LTh,DU15,CK-17,SPIUS CREEK,46186,2002,RELATIVE ABUNDANCE (TYPE-4),869,1986,TRUE
Lower Thompson_SP_1.2,LTh,DU15,CK-17,SPIUS CREEK,46186,2003,RELATIVE ABUNDANCE (TYPE-4),1170,1986,TRUE
Lower Thompson_SP_1.2,LTh,DU15,CK-17,SPIUS CREEK,46186,2004,RELATIVE ABUNDANCE (TYPE-4),1866,1986,TRUE
Lower Thompson_SP_1.2,LTh,DU15,CK-17,SPIUS CREEK,46186,2005,RELATIVE ABUNDANCE (TYPE-4),178,1986,TRUE
Lower Thompson_SP_1.2,LTh,DU15,CK-17,SPIUS CREEK,46186,2006,RELATIVE ABUNDANCE (TYPE-4),529,1986,TRUE
Lower Thompson_SP_1.2,LTh,DU15,CK-17,SPIUS CREEK,46186,2007,RELATIVE ABUNDANCE (TYPE-4),15,1986,TRUE
Lower Thompson_SP_1.2,LTh,DU15,CK-17,SPIUS CREEK,46186,2008,RELATIVE ABUNDANCE (TYPE-4),168,1986,TRUE
Lower Thompson_SP_1.2,LTh,DU15,CK-17,SPIUS CREEK,46186,2009,RELATIVE ABUNDANCE (TYPE-4),138,1986,TRUE
Lower Thompson_SP_1.2,LTh,DU15,CK-17,SPIUS CREEK,46186,2010,RELATIVE ABUNDANCE (TYPE-4),206,1986,TRUE
Lower Thompson_SP_1.2,LTh,DU15,CK-17,SPIUS CREEK,46186,2011,RELATIVE ABUNDANCE (TYPE-4),32,1986,TRUE
Lower Thompson_SP_1.2,LTh,DU15,CK-17,SPIUS CREEK,46186,2012,RELATIVE ABUNDANCE (TYPE-4),648,1986,TRUE
Lower Thompson_SP_1.2,LTh,DU15,CK-17,SPIUS CREEK,46186,2013,RELATIVE ABUNDANCE (TYPE-4),335,1986,TRUE
Lower Thompson_SP_1.2,LTh,DU15,CK-17,SPIUS CREEK,46186,2014,RELATIVE ABUNDANCE (TYPE-4),1117,1986,TRUE
Lower Thompson_SP_1.2,LTh,DU15,CK-17,SPIUS CREEK,46186,2015,RELATIVE ABUNDANCE (TYPE-4),240,1986,TRUE
Lower Thompson_SP_1.2,LTh,DU15,CK-17,SPIUS CREEK,46186,2016,RELATIVE ABUNDANCE (TYPE-4),268,1986,TRUE
Lower Thompson_SP_1.2,LTh,DU15,CK-17,SPIUS CREEK,46186,2017,RELATIVE ABUNDANCE (TYPE-4),68,1986,TRUE
Lower Thompson_SP_1.2,LTh,DU15,CK-17,SPIUS CREEK,46186,2018,RELATIVE ABUNDANCE (TYPE-4),82,1986,TRUE
Lower Thompson_SP_1.2,LTh,DU15,CK-17,SPIUS CREEK,46186,2019,RELATIVE ABUNDANCE (TYPE-4),237,1986,TRUE
Lower Thompson_SP_1.2,LTh,DU15,CK-17,SPIUS CREEK,46186,2020,RELATIVE ABUNDANCE (TYPE-4),212,1986,TRUE
Lower Thompson_SP_1.2,LTh,DU15,CK-17,SPIUS CREEK,46186,2021,RELATIVE ABUNDANCE (TYPE-4),166,1986,TRUE
Lower Thompson_SP_1.2,LTh,DU15,CK-17,SPIUS CREEK,46186,2022,INFILL,376.1028408,1986,TRUE
Lower Thompson_SP_1.2,LTh,DU15,CK-17,SPIUS CREEK,46186,2023,INFILL,495.1328393,1986,TRUE
Lower Thompson_SP_1.2,LTh,DU15,CK-17,COLDWATER RIVER,46196,1975,QualFiltered,NA,1986,FALSE
Lower Thompson_SP_1.2,LTh,DU15,CK-17,COLDWATER RIVER,46196,1976,QualFiltered,NA,1986,FALSE
Lower Thompson_SP_1.2,LTh,DU15,CK-17,COLDWATER RIVER,46196,1977,QualFiltered,NA,1986,FALSE
Lower Thompson_SP_1.2,LTh,DU15,CK-17,COLDWATER RIVER,46196,1978,QualFiltered,NA,1986,FALSE
Lower Thompson_SP_1.2,LTh,DU15,CK-17,COLDWATER RIVER,46196,1979,QualFiltered,NA,1986,FALSE
Lower Thompson_SP_1.2,LTh,DU15,CK-17,COLDWATER RIVER,46196,1980,QualFiltered,NA,1986,FALSE
Lower Thompson_SP_1.2,LTh,DU15,CK-17,COLDWATER RIVER,46196,1981,QualFiltered,NA,1986,FALSE
Lower Thompson_SP_1.2,LTh,DU15,CK-17,COLDWATER RIVER,46196,1982,QualFiltered,NA,1986,FALSE
Lower Thompson_SP_1.2,LTh,DU15,CK-17,COLDWATER RIVER,46196,1983,QualFiltered,NA,1986,FALSE
Lower Thompson_SP_1.2,LTh,DU15,CK-17,COLDWATER RIVER,46196,1984,QualFiltered,NA,1986,FALSE
Lower Thompson_SP_1.2,LTh,DU15,CK-17,COLDWATER RIVER,46196,1985,QualFiltered,NA,1986,FALSE
Lower Thompson_SP_1.2,LTh,DU15,CK-17,COLDWATER RIVER,46196,1986,INFILL,554.0726095,1986,TRUE
Lower Thompson_SP_1.2,LTh,DU15,CK-17,COLDWATER RIVER,46196,1987,INFILL,217.6193158,1986,TRUE
Lower Thompson_SP_1.2,LTh,DU15,CK-17,COLDWATER RIVER,46196,1988,INFILL,209.5445359,1986,TRUE
Lower Thompson_SP_1.2,LTh,DU15,CK-17,COLDWATER RIVER,46196,1989,INFILL,268.026729,1986,TRUE
Lower Thompson_SP_1.2,LTh,DU15,CK-17,COLDWATER RIVER,46196,1990,INFILL,163.9340217,1986,TRUE
Lower Thompson_SP_1.2,LTh,DU15,CK-17,COLDWATER RIVER,46196,1991,INFILL,241.0441724,1986,TRUE
Lower Thompson_SP_1.2,LTh,DU15,CK-17,COLDWATER RIVER,46196,1992,INFILL,283.0969865,1986,TRUE
Lower Thompson_SP_1.2,LTh,DU15,CK-17,COLDWATER RIVER,46196,1993,INFILL,327.3883535,1986,TRUE
Lower Thompson_SP_1.2,LTh,DU15,CK-17,COLDWATER RIVER,46196,1994,INFILL,659.8134509,1986,TRUE
Lower Thompson_SP_1.2,LTh,DU15,CK-17,COLDWATER RIVER,46196,1995,INFILL,698.9881257,1986,TRUE
Lower Thompson_SP_1.2,LTh,DU15,CK-17,COLDWATER RIVER,46196,1996,INFILL,1010.466764,1986,TRUE
Lower Thompson_SP_1.2,LTh,DU15,CK-17,COLDWATER RIVER,46196,1997,INFILL,851.7693573,1986,TRUE
Lower Thompson_SP_1.2,LTh,DU15,CK-17,COLDWATER RIVER,46196,1998,RELATIVE ABUNDANCE (TYPE-4),300,1986,TRUE
Lower Thompson_SP_1.2,LTh,DU15,CK-17,COLDWATER RIVER,46196,1999,RELATIVE ABUNDANCE (TYPE-4),208,1986,TRUE
Lower Thompson_SP_1.2,LTh,DU15,CK-17,COLDWATER RIVER,46196,2000,RELATIVE ABUNDANCE (TYPE-4),497,1986,TRUE
Lower Thompson_SP_1.2,LTh,DU15,CK-17,COLDWATER RIVER,46196,2001,RELATIVE ABUNDANCE (TYPE-4),781,1986,TRUE
Lower Thompson_SP_1.2,LTh,DU15,CK-17,COLDWATER RIVER,46196,2002,RELATIVE ABUNDANCE (TYPE-4),1343,1986,TRUE
Lower Thompson_SP_1.2,LTh,DU15,CK-17,COLDWATER RIVER,46196,2003,RELATIVE ABUNDANCE (TYPE-4),1195,1986,TRUE
Lower Thompson_SP_1.2,LTh,DU15,CK-17,COLDWATER RIVER,46196,2004,RELATIVE ABUNDANCE (TYPE-4),1018,1986,TRUE
Lower Thompson_SP_1.2,LTh,DU15,CK-17,COLDWATER RIVER,46196,2005,RELATIVE ABUNDANCE (TYPE-4),97,1986,TRUE
Lower Thompson_SP_1.2,LTh,DU15,CK-17,COLDWATER RIVER,46196,2006,RELATIVE ABUNDANCE (TYPE-4),478,1986,TRUE
Lower Thompson_SP_1.2,LTh,DU15,CK-17,COLDWATER RIVER,46196,2007,RELATIVE ABUNDANCE (TYPE-4),54,1986,TRUE
Lower Thompson_SP_1.2,LTh,DU15,CK-17,COLDWATER RIVER,46196,2008,RELATIVE ABUNDANCE (TYPE-4),365,1986,TRUE
Lower Thompson_SP_1.2,LTh,DU15,CK-17,COLDWATER RIVER,46196,2009,RELATIVE ABUNDANCE (TYPE-4),15,1986,TRUE
Lower Thompson_SP_1.2,LTh,DU15,CK-17,COLDWATER RIVER,46196,2010,RELATIVE ABUNDANCE (TYPE-4),255,1986,TRUE
Lower Thompson_SP_1.2,LTh,DU15,CK-17,COLDWATER RIVER,46196,2011,RELATIVE ABUNDANCE (TYPE-4),182,1986,TRUE
Lower Thompson_SP_1.2,LTh,DU15,CK-17,COLDWATER RIVER,46196,2012,RELATIVE ABUNDANCE (TYPE-4),795,1986,TRUE
Lower Thompson_SP_1.2,LTh,DU15,CK-17,COLDWATER RIVER,46196,2013,RELATIVE ABUNDANCE (TYPE-4),152,1986,TRUE
Lower Thompson_SP_1.2,LTh,DU15,CK-17,COLDWATER RIVER,46196,2014,RELATIVE ABUNDANCE (TYPE-4),1145,1986,TRUE
Lower Thompson_SP_1.2,LTh,DU15,CK-17,COLDWATER RIVER,46196,2015,RELATIVE ABUNDANCE (TYPE-4),85,1986,TRUE
Lower Thompson_SP_1.2,LTh,DU15,CK-17,COLDWATER RIVER,46196,2016,RELATIVE ABUNDANCE (TYPE-4),463,1986,TRUE
Lower Thompson_SP_1.2,LTh,DU15,CK-17,COLDWATER RIVER,46196,2017,RELATIVE ABUNDANCE (TYPE-4),74,1986,TRUE
Lower Thompson_SP_1.2,LTh,DU15,CK-17,COLDWATER RIVER,46196,2018,RELATIVE ABUNDANCE (TYPE-4),97,1986,TRUE
Lower Thompson_SP_1.2,LTh,DU15,CK-17,COLDWATER RIVER,46196,2019,RELATIVE ABUNDANCE (TYPE-4),255,1986,TRUE
Lower Thompson_SP_1.2,LTh,DU15,CK-17,COLDWATER RIVER,46196,2020,RELATIVE ABUNDANCE (TYPE-4),311,1986,TRUE
Lower Thompson_SP_1.2,LTh,DU15,CK-17,COLDWATER RIVER,46196,2021,RELATIVE ABUNDANCE (TYPE-4),83,1986,TRUE
Lower Thompson_SP_1.2,LTh,DU15,CK-17,COLDWATER RIVER,46196,2022,INFILL,376.3966711,1986,TRUE
Lower Thompson_SP_1.2,LTh,DU15,CK-17,COLDWATER RIVER,46196,2023,INFILL,495.5196618,1986,TRUE
Lower Thompson_SP_1.2,LTh,DU15,CK-17,BONAPARTE RIVER,46206,1975,QualFiltered,NA,1986,FALSE
Lower Thompson_SP_1.2,LTh,DU15,CK-17,BONAPARTE RIVER,46206,1976,QualFiltered,NA,1986,FALSE
Lower Thompson_SP_1.2,LTh,DU15,CK-17,BONAPARTE RIVER,46206,1977,QualFiltered,NA,1986,FALSE
Lower Thompson_SP_1.2,LTh,DU15,CK-17,BONAPARTE RIVER,46206,1978,QualFiltered,NA,1986,FALSE
Lower Thompson_SP_1.2,LTh,DU15,CK-17,BONAPARTE RIVER,46206,1979,QualFiltered,NA,1986,FALSE
Lower Thompson_SP_1.2,LTh,DU15,CK-17,BONAPARTE RIVER,46206,1980,QualFiltered,NA,1986,FALSE
Lower Thompson_SP_1.2,LTh,DU15,CK-17,BONAPARTE RIVER,46206,1981,QualFiltered,NA,1986,FALSE
Lower Thompson_SP_1.2,LTh,DU15,CK-17,BONAPARTE RIVER,46206,1982,QualFiltered,NA,1986,FALSE
Lower Thompson_SP_1.2,LTh,DU15,CK-17,BONAPARTE RIVER,46206,1983,TRUE ABUNDANCE (TYPE-1),26,1986,FALSE
Lower Thompson_SP_1.2,LTh,DU15,CK-17,BONAPARTE RIVER,46206,1984,TRUE ABUNDANCE (TYPE-1),809,1986,FALSE
Lower Thompson_SP_1.2,LTh,DU15,CK-17,BONAPARTE RIVER,46206,1985,QualFiltered,NA,1986,FALSE
Lower Thompson_SP_1.2,LTh,DU15,CK-17,BONAPARTE RIVER,46206,1986,INFILL,4684.770011,1986,TRUE
Lower Thompson_SP_1.2,LTh,DU15,CK-17,BONAPARTE RIVER,46206,1987,TRUE ABUNDANCE (TYPE-1),398,1986,TRUE
Lower Thompson_SP_1.2,LTh,DU15,CK-17,BONAPARTE RIVER,46206,1988,TRUE ABUNDANCE (TYPE-1),694,1986,TRUE
Lower Thompson_SP_1.2,LTh,DU15,CK-17,BONAPARTE RIVER,46206,1989,TRUE ABUNDANCE (TYPE-1),893,1986,TRUE
Lower Thompson_SP_1.2,LTh,DU15,CK-17,BONAPARTE RIVER,46206,1990,TRUE ABUNDANCE (TYPE-1),482,1986,TRUE
Lower Thompson_SP_1.2,LTh,DU15,CK-17,BONAPARTE RIVER,46206,1991,TRUE ABUNDANCE (TYPE-1),2196,1986,TRUE
Lower Thompson_SP_1.2,LTh,DU15,CK-17,BONAPARTE RIVER,46206,1992,TRUE ABUNDANCE (TYPE-1),1728,1986,TRUE
Lower Thompson_SP_1.2,LTh,DU15,CK-17,BONAPARTE RIVER,46206,1993,TRUE ABUNDANCE (TYPE-1),1500,1986,TRUE
Lower Thompson_SP_1.2,LTh,DU15,CK-17,BONAPARTE RIVER,46206,1994,TRUE ABUNDANCE (TYPE-1),4291,1986,TRUE
Lower Thompson_SP_1.2,LTh,DU15,CK-17,BONAPARTE RIVER,46206,1995,TRUE ABUNDANCE (TYPE-1),4225,1986,TRUE
Lower Thompson_SP_1.2,LTh,DU15,CK-17,BONAPARTE RIVER,46206,1996,TRUE ABUNDANCE (TYPE-1),4625,1986,TRUE
Lower Thompson_SP_1.2,LTh,DU15,CK-17,BONAPARTE RIVER,46206,1997,TRUE ABUNDANCE (TYPE-1),9561,1986,TRUE
Lower Thompson_SP_1.2,LTh,DU15,CK-17,BONAPARTE RIVER,46206,1998,TRUE ABUNDANCE (TYPE-1),1961,1986,TRUE
Lower Thompson_SP_1.2,LTh,DU15,CK-17,BONAPARTE RIVER,46206,1999,TRUE ABUNDANCE (TYPE-1),1979,1986,TRUE
Lower Thompson_SP_1.2,LTh,DU15,CK-17,BONAPARTE RIVER,46206,2000,TRUE ABUNDANCE (TYPE-1),5328,1986,TRUE
Lower Thompson_SP_1.2,LTh,DU15,CK-17,BONAPARTE RIVER,46206,2001,TRUE ABUNDANCE (TYPE-1),6285,1986,TRUE
Lower Thompson_SP_1.2,LTh,DU15,CK-17,BONAPARTE RIVER,46206,2002,TRUE ABUNDANCE (TYPE-1),8370,1986,TRUE
Lower Thompson_SP_1.2,LTh,DU15,CK-17,BONAPARTE RIVER,46206,2003,TRUE ABUNDANCE (TYPE-1),9609,1986,TRUE
Lower Thompson_SP_1.2,LTh,DU15,CK-17,BONAPARTE RIVER,46206,2004,TRUE ABUNDANCE (TYPE-1),6130,1986,TRUE
Lower Thompson_SP_1.2,LTh,DU15,CK-17,BONAPARTE RIVER,46206,2005,TRUE ABUNDANCE (TYPE-1),4891,1986,TRUE
Lower Thompson_SP_1.2,LTh,DU15,CK-17,BONAPARTE RIVER,46206,2006,TRUE ABUNDANCE (TYPE-1),1954,1986,TRUE
Lower Thompson_SP_1.2,LTh,DU15,CK-17,BONAPARTE RIVER,46206,2007,TRUE ABUNDANCE (TYPE-1),1081,1986,TRUE
Lower Thompson_SP_1.2,LTh,DU15,CK-17,BONAPARTE RIVER,46206,2008,TRUE ABUNDANCE (TYPE-1),5421,1986,TRUE
Lower Thompson_SP_1.2,LTh,DU15,CK-17,BONAPARTE RIVER,46206,2009,TRUE ABUNDANCE (TYPE-1),1288,1986,TRUE
Lower Thompson_SP_1.2,LTh,DU15,CK-17,BONAPARTE RIVER,46206,2010,TRUE ABUNDANCE (TYPE-1),2412,1986,TRUE
Lower Thompson_SP_1.2,LTh,DU15,CK-17,BONAPARTE RIVER,46206,2011,TRUE ABUNDANCE (TYPE-1),1750,1986,TRUE
Lower Thompson_SP_1.2,LTh,DU15,CK-17,BONAPARTE RIVER,46206,2012,TRUE ABUNDANCE (TYPE-1),3075,1986,TRUE
Lower Thompson_SP_1.2,LTh,DU15,CK-17,BONAPARTE RIVER,46206,2013,TRUE ABUNDANCE (TYPE-1),2518,1986,TRUE
Lower Thompson_SP_1.2,LTh,DU15,CK-17,BONAPARTE RIVER,46206,2014,TRUE ABUNDANCE (TYPE-1),12651,1986,TRUE
Lower Thompson_SP_1.2,LTh,DU15,CK-17,BONAPARTE RIVER,46206,2015,TRUE ABUNDANCE (TYPE-1),5475,1986,TRUE
Lower Thompson_SP_1.2,LTh,DU15,CK-17,BONAPARTE RIVER,46206,2016,TRUE ABUNDANCE (TYPE-1),5249,1986,TRUE
Lower Thompson_SP_1.2,LTh,DU15,CK-17,BONAPARTE RIVER,46206,2017,TRUE ABUNDANCE (TYPE-1),2903,1986,TRUE
Lower Thompson_SP_1.2,LTh,DU15,CK-17,BONAPARTE RIVER,46206,2018,RELATIVE ABUNDANCE (TYPE-4),5,1986,TRUE
Lower Thompson_SP_1.2,LTh,DU15,CK-17,BONAPARTE RIVER,46206,2019,RELATIVE ABUNDANCE (TYPE-4),960,1986,TRUE
Lower Thompson_SP_1.2,LTh,DU15,CK-17,BONAPARTE RIVER,46206,2020,TRUE ABUNDANCE (TYPE-1),3448,1986,TRUE
Lower Thompson_SP_1.2,LTh,DU15,CK-17,BONAPARTE RIVER,46206,2021,TRUE ABUNDANCE (TYPE-1),1304,1986,TRUE
Lower Thompson_SP_1.2,LTh,DU15,CK-17,BONAPARTE RIVER,46206,2022,TRUE ABUNDANCE (TYPE-1),372,1986,TRUE
Lower Thompson_SP_1.2,LTh,DU15,CK-17,BONAPARTE RIVER,46206,2023,TRUE ABUNDANCE (TYPE-1),6571,1986,TRUE
Lower Thompson_SP_1.2,LTh,DU15,CK-17,DEADMAN RIVER,46216,1975,QualFiltered,NA,1986,FALSE
Lower Thompson_SP_1.2,LTh,DU15,CK-17,DEADMAN RIVER,46216,1976,QualFiltered,NA,1986,FALSE
Lower Thompson_SP_1.2,LTh,DU15,CK-17,DEADMAN RIVER,46216,1977,QualFiltered,NA,1986,FALSE
Lower Thompson_SP_1.2,LTh,DU15,CK-17,DEADMAN RIVER,46216,1978,QualFiltered,NA,1986,FALSE
Lower Thompson_SP_1.2,LTh,DU15,CK-17,DEADMAN RIVER,46216,1979,QualFiltered,NA,1986,FALSE
Lower Thompson_SP_1.2,LTh,DU15,CK-17,DEADMAN RIVER,46216,1980,QualFiltered,NA,1986,FALSE
Lower Thompson_SP_1.2,LTh,DU15,CK-17,DEADMAN RIVER,46216,1981,QualFiltered,NA,1986,FALSE
Lower Thompson_SP_1.2,LTh,DU15,CK-17,DEADMAN RIVER,46216,1982,QualFiltered,NA,1986,FALSE
Lower Thompson_SP_1.2,LTh,DU15,CK-17,DEADMAN RIVER,46216,1983,QualFiltered,NA,1986,FALSE
Lower Thompson_SP_1.2,LTh,DU15,CK-17,DEADMAN RIVER,46216,1984,QualFiltered,NA,1986,FALSE
Lower Thompson_SP_1.2,LTh,DU15,CK-17,DEADMAN RIVER,46216,1985,QualFiltered,NA,1986,FALSE
Lower Thompson_SP_1.2,LTh,DU15,CK-17,DEADMAN RIVER,46216,1986,TRUE ABUNDANCE (TYPE-1),942,1986,TRUE
Lower Thompson_SP_1.2,LTh,DU15,CK-17,DEADMAN RIVER,46216,1987,TRUE ABUNDANCE (TYPE-1),541,1986,TRUE
Lower Thompson_SP_1.2,LTh,DU15,CK-17,DEADMAN RIVER,46216,1988,TRUE ABUNDANCE (TYPE-1),1111,1986,TRUE
Lower Thompson_SP_1.2,LTh,DU15,CK-17,DEADMAN RIVER,46216,1989,TRUE ABUNDANCE (TYPE-1),591,1986,TRUE
Lower Thompson_SP_1.2,LTh,DU15,CK-17,DEADMAN RIVER,46216,1990,TRUE ABUNDANCE (TYPE-1),483,1986,TRUE
Lower Thompson_SP_1.2,LTh,DU15,CK-17,DEADMAN RIVER,46216,1991,TRUE ABUNDANCE (TYPE-1),552,1986,TRUE
Lower Thompson_SP_1.2,LTh,DU15,CK-17,DEADMAN RIVER,46216,1992,TRUE ABUNDANCE (TYPE-1),279,1986,TRUE
Lower Thompson_SP_1.2,LTh,DU15,CK-17,DEADMAN RIVER,46216,1993,TRUE ABUNDANCE (TYPE-1),1614,1986,TRUE
Lower Thompson_SP_1.2,LTh,DU15,CK-17,DEADMAN RIVER,46216,1994,TRUE ABUNDANCE (TYPE-1),1487,1986,TRUE
Lower Thompson_SP_1.2,LTh,DU15,CK-17,DEADMAN RIVER,46216,1995,TRUE ABUNDANCE (TYPE-1),726,1986,TRUE
Lower Thompson_SP_1.2,LTh,DU15,CK-17,DEADMAN RIVER,46216,1996,TRUE ABUNDANCE (TYPE-1),1713,1986,TRUE
Lower Thompson_SP_1.2,LTh,DU15,CK-17,DEADMAN RIVER,46216,1997,TRUE ABUNDANCE (TYPE-1),1655,1986,TRUE
Lower Thompson_SP_1.2,LTh,DU15,CK-17,DEADMAN RIVER,46216,1998,TRUE ABUNDANCE (TYPE-1),766,1986,TRUE
Lower Thompson_SP_1.2,LTh,DU15,CK-17,DEADMAN RIVER,46216,1999,TRUE ABUNDANCE (TYPE-1),857,1986,TRUE
Lower Thompson_SP_1.2,LTh,DU15,CK-17,DEADMAN RIVER,46216,2000,TRUE ABUNDANCE (TYPE-1),715,1986,TRUE
Lower Thompson_SP_1.2,LTh,DU15,CK-17,DEADMAN RIVER,46216,2001,TRUE ABUNDANCE (TYPE-1),1208,1986,TRUE
Lower Thompson_SP_1.2,LTh,DU15,CK-17,DEADMAN RIVER,46216,2002,TRUE ABUNDANCE (TYPE-1),528,1986,TRUE
Lower Thompson_SP_1.2,LTh,DU15,CK-17,DEADMAN RIVER,46216,2003,TRUE ABUNDANCE (TYPE-1),2077,1986,TRUE
Lower Thompson_SP_1.2,LTh,DU15,CK-17,DEADMAN RIVER,46216,2004,TRUE ABUNDANCE (TYPE-1),1155,1986,TRUE
Lower Thompson_SP_1.2,LTh,DU15,CK-17,DEADMAN RIVER,46216,2005,TRUE ABUNDANCE (TYPE-1),426,1986,TRUE
Lower Thompson_SP_1.2,LTh,DU15,CK-17,DEADMAN RIVER,46216,2006,TRUE ABUNDANCE (TYPE-1),1237,1986,TRUE
Lower Thompson_SP_1.2,LTh,DU15,CK-17,DEADMAN RIVER,46216,2007,TRUE ABUNDANCE (TYPE-1),297,1986,TRUE
Lower Thompson_SP_1.2,LTh,DU15,CK-17,DEADMAN RIVER,46216,2008,TRUE ABUNDANCE (TYPE-1),1309,1986,TRUE
Lower Thompson_SP_1.2,LTh,DU15,CK-17,DEADMAN RIVER,46216,2009,TRUE ABUNDANCE (TYPE-1),190,1986,TRUE
Lower Thompson_SP_1.2,LTh,DU15,CK-17,DEADMAN RIVER,46216,2010,TRUE ABUNDANCE (TYPE-1),1121,1986,TRUE
Lower Thompson_SP_1.2,LTh,DU15,CK-17,DEADMAN RIVER,46216,2011,TRUE ABUNDANCE (TYPE-1),413,1986,TRUE
Lower Thompson_SP_1.2,LTh,DU15,CK-17,DEADMAN RIVER,46216,2012,TRUE ABUNDANCE (TYPE-1),949,1986,TRUE
Lower Thompson_SP_1.2,LTh,DU15,CK-17,DEADMAN RIVER,46216,2013,TRUE ABUNDANCE (TYPE-1),252,1986,TRUE
Lower Thompson_SP_1.2,LTh,DU15,CK-17,DEADMAN RIVER,46216,2014,TRUE ABUNDANCE (TYPE-1),2282,1986,TRUE
Lower Thompson_SP_1.2,LTh,DU15,CK-17,DEADMAN RIVER,46216,2015,TRUE ABUNDANCE (TYPE-1),431,1986,TRUE
Lower Thompson_SP_1.2,LTh,DU15,CK-17,DEADMAN RIVER,46216,2016,INFILL,707.8776551,1986,TRUE
Lower Thompson_SP_1.2,LTh,DU15,CK-17,DEADMAN RIVER,46216,2017,INFILL,398.9176891,1986,TRUE
Lower Thompson_SP_1.2,LTh,DU15,CK-17,DEADMAN RIVER,46216,2018,TRUE ABUNDANCE (TYPE-1),244,1986,TRUE
Lower Thompson_SP_1.2,LTh,DU15,CK-17,DEADMAN RIVER,46216,2019,TRUE ABUNDANCE (TYPE-1),448,1986,TRUE
Lower Thompson_SP_1.2,LTh,DU15,CK-17,DEADMAN RIVER,46216,2020,TRUE ABUNDANCE (TYPE-1),431,1986,TRUE
Lower Thompson_SP_1.2,LTh,DU15,CK-17,DEADMAN RIVER,46216,2021,TRUE ABUNDANCE (TYPE-1),615,1986,TRUE
Lower Thompson_SP_1.2,LTh,DU15,CK-17,DEADMAN RIVER,46216,2022,TRUE ABUNDANCE (TYPE-1),1441,1986,TRUE
Lower Thompson_SP_1.2,LTh,DU15,CK-17,DEADMAN RIVER,46216,2023,TRUE ABUNDANCE (TYPE-1),736,1986,TRUE
South Thompson-Bessette Creek_SU_1.2,STh-BESS,DU14,CK-16,BESSETTE CREEK,46548,1975,QualFiltered,NA,1995,FALSE
South Thompson-Bessette Creek_SU_1.2,STh-BESS,DU14,CK-16,BESSETTE CREEK,46548,1976,QualFiltered,NA,1995,FALSE
South Thompson-Bessette Creek_SU_1.2,STh-BESS,DU14,CK-16,BESSETTE CREEK,46548,1977,QualFiltered,NA,1995,FALSE
South Thompson-Bessette Creek_SU_1.2,STh-BESS,DU14,CK-16,BESSETTE CREEK,46548,1978,QualFiltered,NA,1995,FALSE
South Thompson-Bessette Creek_SU_1.2,STh-BESS,DU14,CK-16,BESSETTE CREEK,46548,1979,QualFiltered,NA,1995,FALSE
South Thompson-Bessette Creek_SU_1.2,STh-BESS,DU14,CK-16,BESSETTE CREEK,46548,1980,QualFiltered,NA,1995,FALSE
South Thompson-Bessette Creek_SU_1.2,STh-BESS,DU14,CK-16,BESSETTE CREEK,46548,1981,QualFiltered,NA,1995,FALSE
South Thompson-Bessette Creek_SU_1.2,STh-BESS,DU14,CK-16,BESSETTE CREEK,46548,1982,QualFiltered,NA,1995,FALSE
South Thompson-Bessette Creek_SU_1.2,STh-BESS,DU14,CK-16,BESSETTE CREEK,46548,1983,QualFiltered,NA,1995,FALSE
South Thompson-Bessette Creek_SU_1.2,STh-BESS,DU14,CK-16,BESSETTE CREEK,46548,1984,QualFiltered,NA,1995,FALSE
South Thompson-Bessette Creek_SU_1.2,STh-BESS,DU14,CK-16,BESSETTE CREEK,46548,1985,QualFiltered,NA,1995,FALSE
South Thompson-Bessette Creek_SU_1.2,STh-BESS,DU14,CK-16,BESSETTE CREEK,46548,1986,QualFiltered,NA,1995,FALSE
South Thompson-Bessette Creek_SU_1.2,STh-BESS,DU14,CK-16,BESSETTE CREEK,46548,1987,QualFiltered,NA,1995,FALSE
South Thompson-Bessette Creek_SU_1.2,STh-BESS,DU14,CK-16,BESSETTE CREEK,46548,1988,QualFiltered,NA,1995,FALSE
South Thompson-Bessette Creek_SU_1.2,STh-BESS,DU14,CK-16,BESSETTE CREEK,46548,1989,QualFiltered,NA,1995,FALSE
South Thompson-Bessette Creek_SU_1.2,STh-BESS,DU14,CK-16,BESSETTE CREEK,46548,1990,QualFiltered,NA,1995,FALSE
South Thompson-Bessette Creek_SU_1.2,STh-BESS,DU14,CK-16,BESSETTE CREEK,46548,1991,QualFiltered,NA,1995,FALSE
South Thompson-Bessette Creek_SU_1.2,STh-BESS,DU14,CK-16,BESSETTE CREEK,46548,1992,QualFiltered,NA,1995,FALSE
South Thompson-Bessette Creek_SU_1.2,STh-BESS,DU14,CK-16,BESSETTE CREEK,46548,1993,QualFiltered,NA,1995,FALSE
South Thompson-Bessette Creek_SU_1.2,STh-BESS,DU14,CK-16,BESSETTE CREEK,46548,1994,QualFiltered,NA,1995,FALSE
South Thompson-Bessette Creek_SU_1.2,STh-BESS,DU14,CK-16,BESSETTE CREEK,46548,1995,INFILL,134.1919941,1995,TRUE
South Thompson-Bessette Creek_SU_1.2,STh-BESS,DU14,CK-16,BESSETTE CREEK,46548,1996,INFILL,295.6623607,1995,TRUE
South Thompson-Bessette Creek_SU_1.2,STh-BESS,DU14,CK-16,BESSETTE CREEK,46548,1997,INFILL,52.79685013,1995,TRUE
South Thompson-Bessette Creek_SU_1.2,STh-BESS,DU14,CK-16,BESSETTE CREEK,46548,1998,INFILL,31.67811008,1995,TRUE
South Thompson-Bessette Creek_SU_1.2,STh-BESS,DU14,CK-16,BESSETTE CREEK,46548,1999,RELATIVE ABUNDANCE (TYPE-4),256,1995,TRUE
South Thompson-Bessette Creek_SU_1.2,STh-BESS,DU14,CK-16,BESSETTE CREEK,46548,2000,RELATIVE ABUNDANCE (TYPE-3),49,1995,TRUE
South Thompson-Bessette Creek_SU_1.2,STh-BESS,DU14,CK-16,BESSETTE CREEK,46548,2001,RELATIVE ABUNDANCE (TYPE-3),258,1995,TRUE
South Thompson-Bessette Creek_SU_1.2,STh-BESS,DU14,CK-16,BESSETTE CREEK,46548,2002,INFILL,152.6139678,1995,TRUE
South Thompson-Bessette Creek_SU_1.2,STh-BESS,DU14,CK-16,BESSETTE CREEK,46548,2003,RELATIVE ABUNDANCE (TYPE-3),194,1995,TRUE
South Thompson-Bessette Creek_SU_1.2,STh-BESS,DU14,CK-16,BESSETTE CREEK,46548,2004,INFILL,101.0551949,1995,TRUE
South Thompson-Bessette Creek_SU_1.2,STh-BESS,DU14,CK-16,BESSETTE CREEK,46548,2005,RELATIVE ABUNDANCE (TYPE-4),72,1995,TRUE
South Thompson-Bessette Creek_SU_1.2,STh-BESS,DU14,CK-16,BESSETTE CREEK,46548,2006,RELATIVE ABUNDANCE (TYPE-4),186,1995,TRUE
South Thompson-Bessette Creek_SU_1.2,STh-BESS,DU14,CK-16,BESSETTE CREEK,46548,2007,INFILL,0,1995,TRUE
South Thompson-Bessette Creek_SU_1.2,STh-BESS,DU14,CK-16,BESSETTE CREEK,46548,2008,RELATIVE ABUNDANCE (TYPE-4),71,1995,TRUE
South Thompson-Bessette Creek_SU_1.2,STh-BESS,DU14,CK-16,BESSETTE CREEK,46548,2009,RELATIVE ABUNDANCE (TYPE-3),25,1995,TRUE
South Thompson-Bessette Creek_SU_1.2,STh-BESS,DU14,CK-16,BESSETTE CREEK,46548,2010,RELATIVE ABUNDANCE (TYPE-3),135,1995,TRUE
South Thompson-Bessette Creek_SU_1.2,STh-BESS,DU14,CK-16,BESSETTE CREEK,46548,2011,RELATIVE ABUNDANCE (TYPE-3),8,1995,TRUE
South Thompson-Bessette Creek_SU_1.2,STh-BESS,DU14,CK-16,BESSETTE CREEK,46548,2012,RELATIVE ABUNDANCE (TYPE-3),9,1995,TRUE
South Thompson-Bessette Creek_SU_1.2,STh-BESS,DU14,CK-16,BESSETTE CREEK,46548,2013,RELATIVE ABUNDANCE (TYPE-3),165,1995,TRUE
South Thompson-Bessette Creek_SU_1.2,STh-BESS,DU14,CK-16,BESSETTE CREEK,46548,2014,RELATIVE ABUNDANCE (TYPE-3),82,1995,TRUE
South Thompson-Bessette Creek_SU_1.2,STh-BESS,DU14,CK-16,BESSETTE CREEK,46548,2015,RELATIVE ABUNDANCE (TYPE-3),128,1995,TRUE
South Thompson-Bessette Creek_SU_1.2,STh-BESS,DU14,CK-16,BESSETTE CREEK,46548,2016,RELATIVE ABUNDANCE (TYPE-4),6,1995,TRUE
South Thompson-Bessette Creek_SU_1.2,STh-BESS,DU14,CK-16,BESSETTE CREEK,46548,2017,RELATIVE ABUNDANCE (TYPE-3),9,1995,TRUE
South Thompson-Bessette Creek_SU_1.2,STh-BESS,DU14,CK-16,BESSETTE CREEK,46548,2018,RELATIVE ABUNDANCE (TYPE-3),3,1995,TRUE
South Thompson-Bessette Creek_SU_1.2,STh-BESS,DU14,CK-16,BESSETTE CREEK,46548,2019,INFILL,0,1995,TRUE
South Thompson-Bessette Creek_SU_1.2,STh-BESS,DU14,CK-16,BESSETTE CREEK,46548,2021,RELATIVE ABUNDANCE (TYPE-3),0,1995,TRUE
South Thompson-Bessette Creek_SU_1.2,STh-BESS,DU14,CK-16,BESSETTE CREEK,46548,2022,RELATIVE ABUNDANCE (TYPE-4),15,1995,TRUE
South Thompson-Bessette Creek_SU_1.2,STh-BESS,DU14,CK-16,BESSETTE CREEK,46548,2023,INFILL,4.124701834,1995,TRUE
South Thompson-Bessette Creek_SU_1.2,STh-BESS,DU14,CK-16,DUTEAU CREEK,46568,1995,RELATIVE ABUNDANCE (TYPE-4),50,1995,TRUE
South Thompson-Bessette Creek_SU_1.2,STh-BESS,DU14,CK-16,DUTEAU CREEK,46568,1996,RELATIVE ABUNDANCE (TYPE-3),125,1995,TRUE
South Thompson-Bessette Creek_SU_1.2,STh-BESS,DU14,CK-16,DUTEAU CREEK,46568,1997,RELATIVE ABUNDANCE (TYPE-3),5,1995,TRUE
South Thompson-Bessette Creek_SU_1.2,STh-BESS,DU14,CK-16,DUTEAU CREEK,46568,1998,RELATIVE ABUNDANCE (TYPE-3),15,1995,TRUE
South Thompson-Bessette Creek_SU_1.2,STh-BESS,DU14,CK-16,DUTEAU CREEK,46568,1999,RELATIVE ABUNDANCE (TYPE-3),136,1995,TRUE
South Thompson-Bessette Creek_SU_1.2,STh-BESS,DU14,CK-16,DUTEAU CREEK,46568,2000,RELATIVE ABUNDANCE (TYPE-3),31,1995,TRUE
South Thompson-Bessette Creek_SU_1.2,STh-BESS,DU14,CK-16,DUTEAU CREEK,46568,2001,RELATIVE ABUNDANCE (TYPE-3),118,1995,TRUE
South Thompson-Bessette Creek_SU_1.2,STh-BESS,DU14,CK-16,DUTEAU CREEK,46568,2002,RELATIVE ABUNDANCE (TYPE-3),68,1995,TRUE
South Thompson-Bessette Creek_SU_1.2,STh-BESS,DU14,CK-16,DUTEAU CREEK,46568,2003,RELATIVE ABUNDANCE (TYPE-3),5,1995,TRUE
South Thompson-Bessette Creek_SU_1.2,STh-BESS,DU14,CK-16,DUTEAU CREEK,46568,2004,RELATIVE ABUNDANCE (TYPE-3),23,1995,TRUE
South Thompson-Bessette Creek_SU_1.2,STh-BESS,DU14,CK-16,DUTEAU CREEK,46568,2005,RELATIVE ABUNDANCE (TYPE-4),91,1995,TRUE
South Thompson-Bessette Creek_SU_1.2,STh-BESS,DU14,CK-16,DUTEAU CREEK,46568,2006,RELATIVE ABUNDANCE (TYPE-3),68,1995,TRUE
South Thompson-Bessette Creek_SU_1.2,STh-BESS,DU14,CK-16,DUTEAU CREEK,46568,2007,RELATIVE ABUNDANCE (TYPE-3),0,1995,TRUE
South Thompson-Bessette Creek_SU_1.2,STh-BESS,DU14,CK-16,DUTEAU CREEK,46568,2008,RELATIVE ABUNDANCE (TYPE-4),6,1995,TRUE
South Thompson-Bessette Creek_SU_1.2,STh-BESS,DU14,CK-16,DUTEAU CREEK,46568,2009,RELATIVE ABUNDANCE (TYPE-3),3,1995,TRUE
South Thompson-Bessette Creek_SU_1.2,STh-BESS,DU14,CK-16,DUTEAU CREEK,46568,2010,RELATIVE ABUNDANCE (TYPE-3),49,1995,TRUE
South Thompson-Bessette Creek_SU_1.2,STh-BESS,DU14,CK-16,DUTEAU CREEK,46568,2011,RELATIVE ABUNDANCE (TYPE-3),0,1995,TRUE
South Thompson-Bessette Creek_SU_1.2,STh-BESS,DU14,CK-16,DUTEAU CREEK,46568,2012,RELATIVE ABUNDANCE (TYPE-3),5,1995,TRUE
South Thompson-Bessette Creek_SU_1.2,STh-BESS,DU14,CK-16,DUTEAU CREEK,46568,2013,RELATIVE ABUNDANCE (TYPE-3),22,1995,TRUE
South Thompson-Bessette Creek_SU_1.2,STh-BESS,DU14,CK-16,DUTEAU CREEK,46568,2014,RELATIVE ABUNDANCE (TYPE-3),3,1995,TRUE
South Thompson-Bessette Creek_SU_1.2,STh-BESS,DU14,CK-16,DUTEAU CREEK,46568,2015,RELATIVE ABUNDANCE (TYPE-3),14,1995,TRUE
South Thompson-Bessette Creek_SU_1.2,STh-BESS,DU14,CK-16,DUTEAU CREEK,46568,2016,RELATIVE ABUNDANCE (TYPE-3),0,1995,TRUE
South Thompson-Bessette Creek_SU_1.2,STh-BESS,DU14,CK-16,DUTEAU CREEK,46568,2017,RELATIVE ABUNDANCE (TYPE-3),5,1995,TRUE
South Thompson-Bessette Creek_SU_1.2,STh-BESS,DU14,CK-16,DUTEAU CREEK,46568,2018,INFILL,1.105234411,1995,TRUE
South Thompson-Bessette Creek_SU_1.2,STh-BESS,DU14,CK-16,DUTEAU CREEK,46568,2019,INFILL,0,1995,TRUE
South Thompson-Bessette Creek_SU_1.2,STh-BESS,DU14,CK-16,DUTEAU CREEK,46568,2021,RELATIVE ABUNDANCE (TYPE-4),0,1995,TRUE
South Thompson-Bessette Creek_SU_1.2,STh-BESS,DU14,CK-16,DUTEAU CREEK,46568,2022,RELATIVE ABUNDANCE (TYPE-4),8,1995,TRUE
South Thompson-Bessette Creek_SU_1.2,STh-BESS,DU14,CK-16,DUTEAU CREEK,46568,2023,RELATIVE ABUNDANCE (TYPE-3),2,1995,TRUE
South Thompson-Bessette Creek_SU_1.2,STh-BESS,DU14,CK-16,HARRIS CREEK,46578,1995,INFILL,13.54166667,1995,TRUE
South Thompson-Bessette Creek_SU_1.2,STh-BESS,DU14,CK-16,HARRIS CREEK,46578,1996,RELATIVE ABUNDANCE (TYPE-4),15,1995,TRUE
South Thompson-Bessette Creek_SU_1.2,STh-BESS,DU14,CK-16,HARRIS CREEK,46578,1997,RELATIVE ABUNDANCE (TYPE-3),20,1995,TRUE
South Thompson-Bessette Creek_SU_1.2,STh-BESS,DU14,CK-16,HARRIS CREEK,46578,1998,RELATIVE ABUNDANCE (TYPE-3),0,1995,TRUE
South Thompson-Bessette Creek_SU_1.2,STh-BESS,DU14,CK-16,HARRIS CREEK,46578,1999,RELATIVE ABUNDANCE (TYPE-4),3,1995,TRUE
South Thompson-Bessette Creek_SU_1.2,STh-BESS,DU14,CK-16,HARRIS CREEK,46578,2000,RELATIVE ABUNDANCE (TYPE-3),11,1995,TRUE
South Thompson-Bessette Creek_SU_1.2,STh-BESS,DU14,CK-16,HARRIS CREEK,46578,2001,RELATIVE ABUNDANCE (TYPE-3),78,1995,TRUE
South Thompson-Bessette Creek_SU_1.2,STh-BESS,DU14,CK-16,HARRIS CREEK,46578,2002,RELATIVE ABUNDANCE (TYPE-3),3,1995,TRUE
South Thompson-Bessette Creek_SU_1.2,STh-BESS,DU14,CK-16,HARRIS CREEK,46578,2003,RELATIVE ABUNDANCE (TYPE-3),6,1995,TRUE
South Thompson-Bessette Creek_SU_1.2,STh-BESS,DU14,CK-16,HARRIS CREEK,46578,2004,RELATIVE ABUNDANCE (TYPE-3),18,1995,TRUE
South Thompson-Bessette Creek_SU_1.2,STh-BESS,DU14,CK-16,HARRIS CREEK,46578,2005,RELATIVE ABUNDANCE (TYPE-3),14,1995,TRUE
South Thompson-Bessette Creek_SU_1.2,STh-BESS,DU14,CK-16,HARRIS CREEK,46578,2006,RELATIVE ABUNDANCE (TYPE-3),3,1995,TRUE
South Thompson-Bessette Creek_SU_1.2,STh-BESS,DU14,CK-16,HARRIS CREEK,46578,2007,RELATIVE ABUNDANCE (TYPE-3),0,1995,TRUE
South Thompson-Bessette Creek_SU_1.2,STh-BESS,DU14,CK-16,HARRIS CREEK,46578,2008,RELATIVE ABUNDANCE (TYPE-3),0,1995,TRUE
South Thompson-Bessette Creek_SU_1.2,STh-BESS,DU14,CK-16,HARRIS CREEK,46578,2009,RELATIVE ABUNDANCE (TYPE-3),0,1995,TRUE
South Thompson-Bessette Creek_SU_1.2,STh-BESS,DU14,CK-16,HARRIS CREEK,46578,2010,RELATIVE ABUNDANCE (TYPE-3),18,1995,TRUE
South Thompson-Bessette Creek_SU_1.2,STh-BESS,DU14,CK-16,HARRIS CREEK,46578,2011,RELATIVE ABUNDANCE (TYPE-3),0,1995,TRUE
South Thompson-Bessette Creek_SU_1.2,STh-BESS,DU14,CK-16,HARRIS CREEK,46578,2012,RELATIVE ABUNDANCE (TYPE-3),0,1995,TRUE
South Thompson-Bessette Creek_SU_1.2,STh-BESS,DU14,CK-16,HARRIS CREEK,46578,2013,RELATIVE ABUNDANCE (TYPE-3),8,1995,TRUE
South Thompson-Bessette Creek_SU_1.2,STh-BESS,DU14,CK-16,HARRIS CREEK,46578,2014,RELATIVE ABUNDANCE (TYPE-3),11,1995,TRUE
South Thompson-Bessette Creek_SU_1.2,STh-BESS,DU14,CK-16,HARRIS CREEK,46578,2015,RELATIVE ABUNDANCE (TYPE-3),0,1995,TRUE
South Thompson-Bessette Creek_SU_1.2,STh-BESS,DU14,CK-16,HARRIS CREEK,46578,2016,INFILL,0.437491684,1995,TRUE
South Thompson-Bessette Creek_SU_1.2,STh-BESS,DU14,CK-16,HARRIS CREEK,46578,2017,RELATIVE ABUNDANCE (TYPE-3),3,1995,TRUE
South Thompson-Bessette Creek_SU_1.2,STh-BESS,DU14,CK-16,HARRIS CREEK,46578,2018,INFILL,0.29933432,1995,TRUE
South Thompson-Bessette Creek_SU_1.2,STh-BESS,DU14,CK-16,HARRIS CREEK,46578,2019,INFILL,0,1995,TRUE
South Thompson-Bessette Creek_SU_1.2,STh-BESS,DU14,CK-16,HARRIS CREEK,46578,2021,RELATIVE ABUNDANCE (TYPE-4),0,1995,TRUE
South Thompson-Bessette Creek_SU_1.2,STh-BESS,DU14,CK-16,HARRIS CREEK,46578,2022,RELATIVE ABUNDANCE (TYPE-4),2,1995,TRUE
South Thompson-Bessette Creek_SU_1.2,STh-BESS,DU14,CK-16,HARRIS CREEK,46578,2023,RELATIVE ABUNDANCE (TYPE-4),0,1995,TRUE
Lower Thompson_SP_1.2,LTh,DU15,CK-17,LOUIS CREEK,46598,1975,QualFiltered,NA,1986,FALSE
Lower Thompson_SP_1.2,LTh,DU15,CK-17,LOUIS CREEK,46598,1976,QualFiltered,NA,1986,FALSE
Lower Thompson_SP_1.2,LTh,DU15,CK-17,LOUIS CREEK,46598,1977,QualFiltered,NA,1986,FALSE
Lower Thompson_SP_1.2,LTh,DU15,CK-17,LOUIS CREEK,46598,1978,QualFiltered,NA,1986,FALSE
Lower Thompson_SP_1.2,LTh,DU15,CK-17,LOUIS CREEK,46598,1979,QualFiltered,NA,1986,FALSE
Lower Thompson_SP_1.2,LTh,DU15,CK-17,LOUIS CREEK,46598,1980,QualFiltered,NA,1986,FALSE
Lower Thompson_SP_1.2,LTh,DU15,CK-17,LOUIS CREEK,46598,1981,QualFiltered,NA,1986,FALSE
Lower Thompson_SP_1.2,LTh,DU15,CK-17,LOUIS CREEK,46598,1982,QualFiltered,NA,1986,FALSE
Lower Thompson_SP_1.2,LTh,DU15,CK-17,LOUIS CREEK,46598,1983,QualFiltered,NA,1986,FALSE
Lower Thompson_SP_1.2,LTh,DU15,CK-17,LOUIS CREEK,46598,1984,QualFiltered,NA,1986,FALSE
Lower Thompson_SP_1.2,LTh,DU15,CK-17,LOUIS CREEK,46598,1985,RELATIVE ABUNDANCE (TYPE-4),597,1986,FALSE
Lower Thompson_SP_1.2,LTh,DU15,CK-17,LOUIS CREEK,46598,1986,RELATIVE ABUNDANCE (TYPE-4),358,1986,TRUE
Lower Thompson_SP_1.2,LTh,DU15,CK-17,LOUIS CREEK,46598,1987,RELATIVE ABUNDANCE (TYPE-4),60,1986,TRUE
Lower Thompson_SP_1.2,LTh,DU15,CK-17,LOUIS CREEK,46598,1988,RELATIVE ABUNDANCE (TYPE-4),191,1986,TRUE
Lower Thompson_SP_1.2,LTh,DU15,CK-17,LOUIS CREEK,46598,1989,RELATIVE ABUNDANCE (TYPE-4),776,1986,TRUE
Lower Thompson_SP_1.2,LTh,DU15,CK-17,LOUIS CREEK,46598,1990,RELATIVE ABUNDANCE (TYPE-4),119,1986,TRUE
Lower Thompson_SP_1.2,LTh,DU15,CK-17,LOUIS CREEK,46598,1991,RELATIVE ABUNDANCE (TYPE-4),24,1986,TRUE
Lower Thompson_SP_1.2,LTh,DU15,CK-17,LOUIS CREEK,46598,1992,RELATIVE ABUNDANCE (TYPE-4),14,1986,TRUE
Lower Thompson_SP_1.2,LTh,DU15,CK-17,LOUIS CREEK,46598,1993,RELATIVE ABUNDANCE (TYPE-4),48,1986,TRUE
Lower Thompson_SP_1.2,LTh,DU15,CK-17,LOUIS CREEK,46598,1994,RELATIVE ABUNDANCE (TYPE-4),1218,1986,TRUE
Lower Thompson_SP_1.2,LTh,DU15,CK-17,LOUIS CREEK,46598,1995,RELATIVE ABUNDANCE (TYPE-4),1911,1986,TRUE
Lower Thompson_SP_1.2,LTh,DU15,CK-17,LOUIS CREEK,46598,1996,RELATIVE ABUNDANCE (TYPE-4),1163,1986,TRUE
Lower Thompson_SP_1.2,LTh,DU15,CK-17,LOUIS CREEK,46598,1997,TRUE ABUNDANCE (TYPE-1),480,1986,TRUE
Lower Thompson_SP_1.2,LTh,DU15,CK-17,LOUIS CREEK,46598,1998,RELATIVE ABUNDANCE (TYPE-4),377,1986,TRUE
Lower Thompson_SP_1.2,LTh,DU15,CK-17,LOUIS CREEK,46598,1999,TRUE ABUNDANCE (TYPE-1),222,1986,TRUE
Lower Thompson_SP_1.2,LTh,DU15,CK-17,LOUIS CREEK,46598,2000,TRUE ABUNDANCE (TYPE-1),611,1986,TRUE
Lower Thompson_SP_1.2,LTh,DU15,CK-17,LOUIS CREEK,46598,2001,TRUE ABUNDANCE (TYPE-1),403,1986,TRUE
Lower Thompson_SP_1.2,LTh,DU15,CK-17,LOUIS CREEK,46598,2002,TRUE ABUNDANCE (TYPE-1),503,1986,TRUE
Lower Thompson_SP_1.2,LTh,DU15,CK-17,LOUIS CREEK,46598,2003,RELATIVE ABUNDANCE (TYPE-4),198,1986,TRUE
Lower Thompson_SP_1.2,LTh,DU15,CK-17,LOUIS CREEK,46598,2004,TRUE ABUNDANCE (TYPE-1),152,1986,TRUE
Lower Thompson_SP_1.2,LTh,DU15,CK-17,LOUIS CREEK,46598,2005,RELATIVE ABUNDANCE (TYPE-4),96,1986,TRUE
Lower Thompson_SP_1.2,LTh,DU15,CK-17,LOUIS CREEK,46598,2006,RELATIVE ABUNDANCE (TYPE-4),753,1986,TRUE
Lower Thompson_SP_1.2,LTh,DU15,CK-17,LOUIS CREEK,46598,2007,RELATIVE ABUNDANCE (TYPE-4),43,1986,TRUE
Lower Thompson_SP_1.2,LTh,DU15,CK-17,LOUIS CREEK,46598,2008,RELATIVE ABUNDANCE (TYPE-4),227,1986,TRUE
Lower Thompson_SP_1.2,LTh,DU15,CK-17,LOUIS CREEK,46598,2009,RELATIVE ABUNDANCE (TYPE-4),14,1986,TRUE
Lower Thompson_SP_1.2,LTh,DU15,CK-17,LOUIS CREEK,46598,2010,RELATIVE ABUNDANCE (TYPE-4),368,1986,TRUE
Lower Thompson_SP_1.2,LTh,DU15,CK-17,LOUIS CREEK,46598,2011,RELATIVE ABUNDANCE (TYPE-4),172,1986,TRUE
Lower Thompson_SP_1.2,LTh,DU15,CK-17,LOUIS CREEK,46598,2012,RELATIVE ABUNDANCE (TYPE-4),452,1986,TRUE
Lower Thompson_SP_1.2,LTh,DU15,CK-17,LOUIS CREEK,46598,2013,RELATIVE ABUNDANCE (TYPE-4),280,1986,TRUE
Lower Thompson_SP_1.2,LTh,DU15,CK-17,LOUIS CREEK,46598,2014,RELATIVE ABUNDANCE (TYPE-3),690,1986,TRUE
Lower Thompson_SP_1.2,LTh,DU15,CK-17,LOUIS CREEK,46598,2015,RELATIVE ABUNDANCE (TYPE-3),191,1986,TRUE
Lower Thompson_SP_1.2,LTh,DU15,CK-17,LOUIS CREEK,46598,2016,RELATIVE ABUNDANCE (TYPE-4),370,1986,TRUE
Lower Thompson_SP_1.2,LTh,DU15,CK-17,LOUIS CREEK,46598,2017,RELATIVE ABUNDANCE (TYPE-3),60,1986,TRUE
Lower Thompson_SP_1.2,LTh,DU15,CK-17,LOUIS CREEK,46598,2018,RELATIVE ABUNDANCE (TYPE-3),108,1986,TRUE
Lower Thompson_SP_1.2,LTh,DU15,CK-17,LOUIS CREEK,46598,2019,RELATIVE ABUNDANCE (TYPE-3),213,1986,TRUE
Lower Thompson_SP_1.2,LTh,DU15,CK-17,LOUIS CREEK,46598,2020,RELATIVE ABUNDANCE (TYPE-4),253,1986,TRUE
Lower Thompson_SP_1.2,LTh,DU15,CK-17,LOUIS CREEK,46598,2021,RELATIVE ABUNDANCE (TYPE-4),327,1986,TRUE
Lower Thompson_SP_1.2,LTh,DU15,CK-17,LOUIS CREEK,46598,2022,RELATIVE ABUNDANCE (TYPE-4),165,1986,TRUE
Lower Thompson_SP_1.2,LTh,DU15,CK-17,LOUIS CREEK,46598,2023,RELATIVE ABUNDANCE (TYPE-3),607,1986,TRUE
